{
  "machineName": "H5P.Video",
  "title": "Video",
  "contentType": "Media",
  "description": "Plays video from multple sources.",
  "license": "MIT",
  "author": "Joubel",
  "majorVersion": 1,
  "minorVersion": 4,
  "patchVersion": 2,
  "runnable": 0,
  "coreApi": {
    "majorVersion": 1,
    "minorVersion": 4
  },
  "preloadedJs": [
    {
      "path": "scripts/youtube.js"
    },
    {
      "path": "scripts/html5.js"
    },
    {
      "path": "scripts/flash.js"
    },
    {
      "path": "scripts/video.js"
    }
  ],
  "preloadedCss": [
    {
      "path": "styles/video.css"
    }
  ],
  "preloadedDependencies": [
    {
      "machineName": "flowplayer",
      "majorVersion": 1,
      "minorVersion": 0
    }
  ]
}
