{"introPage":{"showIntroPage":false,"startButtonText":"Comenzar","introduction":"<p>A continuación, seleccione cada aptitud con la cual se identifica respondiendo Sí o No en cada ítem.</p>\n\n<p>Está actividad como tal no tiene respuestas correctas o incorrectas, el propósito es únicamente contabilizar puntos (sumar aciertos) para medir supuestamente las aptitudes favorables que tendría un usuario como futuro jefe de teletrabajadores.</p>\n","title":"Midiendo su e-dirección"},"progressType":"dots","passPercentage":60,"questions":[{"params":{"correct":"true","l10n":{"trueText":"Sí","falseText":"No","score":"Obtuvo @score de @total puntos","checkAnswer":"Revisar","showSolutionButton":"Mostrar solución","tryAgain":"Reintentar","wrongAnswerMessage":"Respuesta incorrecta","correctAnswerMessage":"Respuesta correcta","scoreBarLabel":"Obtuvo :num de :total puntos"},"behaviour":{"enableRetry":false,"enableSolutionsButton":false,"enableCheckButton":true,"disableImageZooming":false,"confirmCheckDialog":false,"confirmRetryDialog":false,"autoCheck":false},"confirmCheck":{"header":"¿Finalizar?","body":"<p>¿Seguro(a) que quiere finalizar?</p>\n","cancelLabel":"Cancelar","confirmLabel":"Finalizar"},"confirmRetry":{"header":"¿Reintentar?","body":"<p>¿Seguro(a) que querés reintentarlo?</p>\n","cancelLabel":"Cancelar","confirmLabel":"Confirmar"},"question":"<p>Cree en el teletrabajo como una modalidad laboral.</p>\n","media":{"params":{"contentName":"Image","alt":"Imagen de persona escribiendo en una libreta."},"library":"H5P.Image 1.0","subContentId":"770e5ef7-12d5-42fe-a2f8-1f7fbd140c3a"}},"library":"H5P.TrueFalse 1.4","subContentId":"85174a5d-53fd-4733-a6ad-0c4f5b4b9ada"},{"params":{"correct":"true","l10n":{"trueText":"Sí","falseText":"No","score":"Obtuvo @score de @total puntos","checkAnswer":"Revisar","showSolutionButton":"Mostrar solución","tryAgain":"Reintentar","wrongAnswerMessage":"Respuesta incorrecta","correctAnswerMessage":"Respuesta correcta","scoreBarLabel":"Obtuvo :num de :total puntos"},"behaviour":{"enableRetry":false,"enableSolutionsButton":false,"enableCheckButton":true,"disableImageZooming":false,"confirmCheckDialog":false,"confirmRetryDialog":false,"autoCheck":false},"confirmCheck":{"header":"¿Finalizar?","body":"<p>¿Seguro(a) que quiere finalizar?</p>\n","cancelLabel":"Cancelar","confirmLabel":"Finalizar"},"confirmRetry":{"header":"¿Reintentar?","body":"<p>¿Seguro(a) que querés reintentarlo?</p>\n","cancelLabel":"Cancelar","confirmLabel":"Confirmar"},"question":"<p>Su estilo de supervisión es orientado a resultados.</p>\n","media":{"params":{"contentName":"Image","alt":"Brazo de una presona, tocando el timbre de una casa con el dedo"},"library":"H5P.Image 1.0","subContentId":"0d9da1ea-e80f-4d0d-97b0-226b45cac2a6"}},"library":"H5P.TrueFalse 1.4","subContentId":"644b39d4-bda8-4692-ae47-15ae6384bf53"},{"params":{"correct":"true","l10n":{"trueText":"Sí","falseText":"No","score":"Obtuvo @score de @total puntos","checkAnswer":"Revisar","showSolutionButton":"Mostrar solución","tryAgain":"Reintentar","wrongAnswerMessage":"Respuesta incorrecta","correctAnswerMessage":"Respuesta correcta","scoreBarLabel":"Obtuvo :num de :total puntos"},"behaviour":{"enableRetry":false,"enableSolutionsButton":false,"enableCheckButton":true,"disableImageZooming":false,"confirmCheckDialog":false,"confirmRetryDialog":false,"autoCheck":false},"confirmCheck":{"header":"¿Finalizar?","body":"<p>¿Seguro(a) que quiere finalizar?</p>\n","cancelLabel":"Cancelar","confirmLabel":"Finalizar"},"confirmRetry":{"header":"¿Reintentar?","body":"<p>¿Seguro(a) que querés reintentarlo?</p>\n","cancelLabel":"Cancelar","confirmLabel":"Confirmar"},"question":"<p>Aplica estándares de calidad en los resultados del trabajo de sus colaboradores.</p>\n","media":{"params":{"contentName":"Image","alt":"Mujer comprando en una tienda."},"library":"H5P.Image 1.0","subContentId":"39005df1-8efa-434d-856b-bd7f58ab613f"}},"library":"H5P.TrueFalse 1.4","subContentId":"9a80d5e5-f17b-4750-aee8-ef31a5f52869"},{"params":{"correct":"true","l10n":{"trueText":"Sí","falseText":"No","score":"Obtuvo @score de @total puntos","checkAnswer":"Revisar","showSolutionButton":"Mostrar solución","tryAgain":"Reintentar","wrongAnswerMessage":"Respuesta incorrecta","correctAnswerMessage":"Respuesta correcta","scoreBarLabel":"Obtuvo :num de :total puntos"},"behaviour":{"enableRetry":false,"enableSolutionsButton":false,"enableCheckButton":true,"disableImageZooming":false,"confirmCheckDialog":false,"confirmRetryDialog":false,"autoCheck":false},"confirmCheck":{"header":"¿Finalizar?","body":"<p>¿Seguro(a) que quiere finalizar?</p>\n","cancelLabel":"Cancelar","confirmLabel":"Finalizar"},"confirmRetry":{"header":"¿Reintentar?","body":"<p>¿Seguro(a) que querés reintentarlo?</p>\n","cancelLabel":"Cancelar","confirmLabel":"Confirmar"},"question":"<p>Utiliza las TIC para su trabajo y comunicación con sus colaboradores.</p>\n","media":{"params":{"contentName":"Image","alt":"Hombre adulto con equipaje para acampar."},"library":"H5P.Image 1.0","subContentId":"33bf253b-e253-4b04-b030-bf1d46b01905"}},"library":"H5P.TrueFalse 1.4","subContentId":"25495213-a3e2-4ff0-a57d-c2ea03cabac8"},{"params":{"correct":"true","l10n":{"trueText":"Sí","falseText":"No","score":"Obtuvo @score de @total puntos","checkAnswer":"Revisar","showSolutionButton":"Mostrar solución","tryAgain":"Reintentar","wrongAnswerMessage":"Respuesta incorrecta","correctAnswerMessage":"Respuesta correcta","scoreBarLabel":"Obtuvo :num de :total puntos"},"behaviour":{"enableRetry":false,"enableSolutionsButton":false,"enableCheckButton":true,"disableImageZooming":false,"confirmCheckDialog":false,"confirmRetryDialog":false,"autoCheck":false},"confirmCheck":{"header":"¿Finalizar?","body":"<p>¿Seguro(a) que quiere finalizar?</p>\n","cancelLabel":"Cancelar","confirmLabel":"Finalizar"},"confirmRetry":{"header":"¿Reintentar?","body":"<p>¿Seguro(a) que querés reintentarlo?</p>\n","cancelLabel":"Cancelar","confirmLabel":"Confirmar"},"question":"<p>Garantiza la protección de datos institucionales.</p>\n","media":{"params":{"contentName":"Image","alt":"Mujer cambiando un bombillo."},"library":"H5P.Image 1.0","subContentId":"5b485f79-1034-464d-bf72-bbdbdf6f4fbb"}},"library":"H5P.TrueFalse 1.4","subContentId":"a7e78093-d6e3-49a1-b346-24a02ac36aa0"},{"params":{"correct":"true","l10n":{"trueText":"Sí","falseText":"No","score":"Obtuvo @score de @total puntos","checkAnswer":"Revisar","showSolutionButton":"Mostrar solución","tryAgain":"Reintentar","wrongAnswerMessage":"Respuesta incorrecta","correctAnswerMessage":"Respuesta correcta","scoreBarLabel":"Obtuvo :num de :total puntos"},"behaviour":{"enableRetry":false,"enableSolutionsButton":false,"enableCheckButton":true,"disableImageZooming":false,"confirmCheckDialog":false,"confirmRetryDialog":false,"autoCheck":false},"confirmCheck":{"header":"¿Finalizar?","body":"<p>¿Seguro(a) que quiere finalizar?</p>\n","cancelLabel":"Cancelar","confirmLabel":"Finalizar"},"confirmRetry":{"header":"¿Reintentar?","body":"<p>¿Seguro(a) que querés reintentarlo?</p>\n","cancelLabel":"Cancelar","confirmLabel":"Confirmar"},"question":"Tiene una comunicación abierta y fluida con sus colaboradores.\n","media":{"params":{}}},"library":"H5P.TrueFalse 1.4","subContentId":"c6d5bfbd-0072-43a2-ab48-2d6b8892b5a8"},{"params":{"correct":"true","l10n":{"trueText":"Sí","falseText":"No","score":"Obtuvo @score de @total puntos","checkAnswer":"Revisar","showSolutionButton":"Mostrar solución","tryAgain":"Reintentar","wrongAnswerMessage":"Respuesta incorrecta","correctAnswerMessage":"Respuesta correcta","scoreBarLabel":"Obtuvo :num de :total puntos"},"behaviour":{"enableRetry":false,"enableSolutionsButton":false,"enableCheckButton":true,"disableImageZooming":false,"confirmCheckDialog":false,"confirmRetryDialog":false,"autoCheck":false},"confirmCheck":{"header":"¿Finalizar?","body":"<p>¿Seguro(a) que quiere finalizar?</p>\n","cancelLabel":"Cancelar","confirmLabel":"Finalizar"},"confirmRetry":{"header":"¿Reintentar?","body":"<p>¿Seguro(a) que querés reintentarlo?</p>\n","cancelLabel":"Cancelar","confirmLabel":"Confirmar"},"question":"Proporciona realimentación a sus colaboradores del quehacer institucional y del accionar del departamento.\n","media":{"params":{}}},"library":"H5P.TrueFalse 1.4","subContentId":"2ce49a34-092c-4253-9ff4-2383abb890f1"},{"params":{"correct":"true","l10n":{"trueText":"Sí","falseText":"No","score":"Obtuvo @score de @total puntos","checkAnswer":"Revisar","showSolutionButton":"Mostrar solución","tryAgain":"Reintentar","wrongAnswerMessage":"Respuesta incorrecta","correctAnswerMessage":"Respuesta correcta","scoreBarLabel":"Obtuvo :num de :total puntos"},"behaviour":{"enableRetry":false,"enableSolutionsButton":false,"enableCheckButton":true,"disableImageZooming":false,"confirmCheckDialog":false,"confirmRetryDialog":false,"autoCheck":false},"confirmCheck":{"header":"¿Finalizar?","body":"<p>¿Seguro(a) que quiere finalizar?</p>\n","cancelLabel":"Cancelar","confirmLabel":"Finalizar"},"confirmRetry":{"header":"¿Reintentar?","body":"<p>¿Seguro(a) que querés reintentarlo?</p>\n","cancelLabel":"Cancelar","confirmLabel":"Confirmar"},"question":"Tiene habilidad para mantener un ambiente laboral de equipo y colaboración.\n","media":{"params":{}}},"library":"H5P.TrueFalse 1.4","subContentId":"a3cc28b8-3bc7-4dcc-b318-484f5a990ac0"},{"params":{"correct":"true","l10n":{"trueText":"Sí","falseText":"No","score":"Obtuvo @score de @total puntos","checkAnswer":"Revisar","showSolutionButton":"Mostrar solución","tryAgain":"Reintentar","wrongAnswerMessage":"Respuesta incorrecta","correctAnswerMessage":"Respuesta correcta","scoreBarLabel":"Obtuvo :num de :total puntos"},"behaviour":{"enableRetry":false,"enableSolutionsButton":false,"enableCheckButton":true,"disableImageZooming":false,"confirmCheckDialog":false,"confirmRetryDialog":false,"autoCheck":false},"confirmCheck":{"header":"¿Finalizar?","body":"<p>¿Seguro(a) que quiere finalizar?</p>\n","cancelLabel":"Cancelar","confirmLabel":"Finalizar"},"confirmRetry":{"header":"¿Reintentar?","body":"<p>¿Seguro(a) que querés reintentarlo?</p>\n","cancelLabel":"Cancelar","confirmLabel":"Confirmar"},"question":"Confía usted en sus colaboradores.\n","media":{"params":{}}},"library":"H5P.TrueFalse 1.4","subContentId":"40381cbf-38f5-4577-a71e-ee48e050efca"},{"params":{"correct":"true","l10n":{"trueText":"Sí","falseText":"No","score":"Obtuvo @score de @total puntos","checkAnswer":"Revisar","showSolutionButton":"Mostrar solución","tryAgain":"Reintentar","wrongAnswerMessage":"Respuesta incorrecta","correctAnswerMessage":"Respuesta correcta","scoreBarLabel":"Obtuvo :num de :total puntos"},"behaviour":{"enableRetry":false,"enableSolutionsButton":false,"enableCheckButton":true,"disableImageZooming":false,"confirmCheckDialog":false,"confirmRetryDialog":false,"autoCheck":false},"confirmCheck":{"header":"¿Finalizar?","body":"<p>¿Seguro(a) que quiere finalizar?</p>\n","cancelLabel":"Cancelar","confirmLabel":"Finalizar"},"confirmRetry":{"header":"¿Reintentar?","body":"<p>¿Seguro(a) que querés reintentarlo?</p>\n","cancelLabel":"Cancelar","confirmLabel":"Confirmar"},"question":"Respeta la vida privada de sus colaboradores.\n","media":{"params":{}}},"library":"H5P.TrueFalse 1.4","subContentId":"39c44fad-0664-420e-83ad-40519bd8268f"}],"texts":{"prevButton":"Anterior","nextButton":"Siguiente","finishButton":"Finalizar","textualProgress":"Pregunta: @current de @total","jumpToQuestion":"Pregunta %d de %total","questionLabel":"Pregunta","readSpeakerProgress":"Pregunta @current de @total","unansweredText":"Pregunta sin contestar","answeredText":"Pregunta contestada","currentQuestionText":"Pregunta actual"},"disableBackwardsNavigation":true,"randomQuestions":true,"endGame":{"showResultPage":true,"showSolutionButton":false,"noResultMessage":"Finalizado","message":"Su resultado:","overallFeedback":[{"from":0,"to":60,"feedback":"Si obtuvo 5 puntos o menos, tal vez sea mejor que espere y se dé un tiempo para conocer y escuchar más sobre las experiencias de otros colegas jefes y compañeros teletrabajadores para que considere nuevamente incorporarse a este proceso."},{"from":61,"to":100,"feedback":"Si obtuvo 6 puntos o más, usted es un candidato idóneo para liderar teletrabajadores."}],"solutionButtonText":"Mostrar solución","retryButtonText":"Reintentar","finishButtonText":"Finalizar","showAnimations":false,"skippable":false,"skipButtonText":"Skip video"},"override":{"checkButton":false,"showSolutionButton":"off","retryButton":"off"},"poolSize":10}